netmgr;/logs/firmware/unblob_extracted/firmware_extract/1446946-7513122.squashfs_v4_le_extract/usr/sbin/netmgr;46;CWE252;39;["00401ce4","00401cf4","00401e04","00402888","00401e04","004037ec","00401e04","00403944","00401e04","00403acc","00401e04","00403ae8","00401e5c","004023c4","00401e5c","004025b8","00401e5c","00402888","00401e5c","00402b14","00401e5c","00403694","00401e5c","00403800","00401e5c","00403958","00401e5c","004039d4","00401e5c","00403eac","00401e5c","00403f30","00401e5c","00403f6c","00401e5c","00403fac","00401e5c","00403fe0","00401e5c","0040405c","00401e5c","00404108","00401f20","00402888","00402138","00402888","004021dc","004021ec","00402354","00402364","0040253c","0040254c","00402a90","00402888","00403634","00403644","004037c8","004037d8","00403814","00403828","004038e4","004038f4","0040396c","00403980","00403980","004039a4","00403a40","00403a50","00403eac","00403eb8","00403f30","00403f3c","00403f88","00403f9c","004040b0","004040c8","004040b0","004040e0"];Unchecked Return Value;
netmgr;/logs/firmware/unblob_extracted/firmware_extract/1446946-7513122.squashfs_v4_le_extract/usr/sbin/netmgr;46;CWE676;6;["00401cbc","00401ccc","00401e4c","00402ff8","0040305c","00403234"];Use of Potentially Dangerous Function;
netmgr;/logs/firmware/unblob_extracted/firmware_extract/1446946-7513122.squashfs_v4_le_extract/usr/sbin/netmgr;46;CWE782;1;["00401908"];Exposed IOCTL with Insufficient Access Control;
iwcontrol;/logs/firmware/unblob_extracted/firmware_extract/1446946-7513122.squashfs_v4_le_extract/sbin/iwcontrol;182;CWE134;12;["004021a4","00403414","0040347c","004034f8","004035f4","0040365c","004036b0","0040374c","004037c0","00403854","00403960","00403a0c"];Externally Controlled Format String;
iwcontrol;/logs/firmware/unblob_extracted/firmware_extract/1446946-7513122.squashfs_v4_le_extract/sbin/iwcontrol;182;CWE252;14;["004012f8","00401300","00401404","00401424","00401538","00401540","00402060","0040207c","004020d0","004021c0","004022a4","004022b8","00402354","00402364","00402f58","00402f6c","00402fbc","00402fd0","0040301c","00403030","0040307c","00403090","004030b0","004030c4","004030dc","004030f0","00403108","00403118"];Unchecked Return Value;
iwcontrol;/logs/firmware/unblob_extracted/firmware_extract/1446946-7513122.squashfs_v4_le_extract/sbin/iwcontrol;182;CWE467;8;["004012bc","00401384","0040145c","004020fc","00402180","00403f28","0040483c","00404e74"];Use of sizeof on a Pointer Type;
iwcontrol;/logs/firmware/unblob_extracted/firmware_extract/1446946-7513122.squashfs_v4_le_extract/sbin/iwcontrol;182;CWE476;9;["00402f24","00402f3c","00402f3c","00402f58","00402f74","00402f8c","00402fd8","00402ff0","00403038","00403050","00403098","004030b0","004030c4","004030dc","004030f0","00403108","00406934","00406950"];NULL Pointer Dereference;
iwcontrol;/logs/firmware/unblob_extracted/firmware_extract/1446946-7513122.squashfs_v4_le_extract/sbin/iwcontrol;182;CWE676;97;["004012f8","00401404","004014d4","00401504","00401538","004016f8","004018a8","004018ec","00401a24","00401a48","00401b1c","00401b40","00401b64","0040207c","00402158","004023e0","004024d0","0040256c","00402694","004029c4","004029dc","00402a10","00402a50","00402aa0","00402af0","00402b50","00402ba8","00402be4","00402c00","00402c60","00402cb0","00402d00","00402d50","00402da8","00402dfc","00402e4c","00402ee0","00402f3c","00402f58","00402f74","00402fbc","00402fd8","0040301c","00403038","0040307c","00403098","004030b0","004030c4","004030dc","004030f0","00403108","00403cd8","00403e4c","00403e6c","00403f70","004040f8","00404144","0040418c","004041a4","00404204","00404224","00404244","0040427c","0040429c","00404324","004045bc","004045d8","00404638","00404664","004046a8","0040487c","004048c8","00404a68","00404a88","00404dc0","00404de0","00404fa0","00404fc0","0040509c","00405280","004053a0","00405934","00405b94","00405bfc","00405ca0","00405eac","00405f10","00405f24","00405fec","0040600c","00406090","00406150","00406618","0040665c","0040684c","00406924","004069bc"];Use of Potentially Dangerous Function;
iwcontrol;/logs/firmware/unblob_extracted/firmware_extract/1446946-7513122.squashfs_v4_le_extract/sbin/iwcontrol;182;CWE782;40;["004029f4","00402a68","00402ab8","00402b18","00402b78","00402bc0","00402c28","00402c78","00402cc8","00402d18","00402d68","00402dc4","00402e14","00402e64","00403b18","00403df0","00403eb0","00403fa0","0040409c","00404444","00404560","004046c8","004047d4","004048e8","00404a0c","00404c30","00404d60","00404e10","00404f40","00404ff0","00405134","00405224","004055e8","00405bac","00405c14","00405cc4","00406024","0040663c","00406888","00406964"];Exposed IOCTL with Insufficient Access Control;
iwcontrol;/logs/firmware/unblob_extracted/firmware_extract/1446946-7513122.squashfs_v4_le_extract/sbin/iwcontrol;182;CWE787;2;["00402038","00405920"];Out-of-bounds Write;
fw_upgrade;/logs/firmware/unblob_extracted/firmware_extract/1446946-7513122.squashfs_v4_le_extract/usr/sbin/fw_upgrade;6;CWE252;4;["00400b44","00400b4c","00400d64","00400d74","00400f2c","00400f34","00400f6c","00400f74"];Unchecked Return Value;
fw_upgrade;/logs/firmware/unblob_extracted/firmware_extract/1446946-7513122.squashfs_v4_le_extract/usr/sbin/fw_upgrade;6;CWE676;2;["00400acc","00400b34"];Use of Potentially Dangerous Function;
makeDevUid;/logs/firmware/unblob_extracted/firmware_extract/1446946-7513122.squashfs_v4_le_extract/usr/sbin/makeDevUid;1;CWE252;1;["0040097c","00400994"];Unchecked Return Value;
hnap_push_service;/logs/firmware/unblob_extracted/firmware_extract/1446946-7513122.squashfs_v4_le_extract/usr/sbin/hnap_push_service;587;CWE134;8;["00405370","00405490","00405524","00405698","00405728","00405790","00406eec","00406f64"];Externally Controlled Format String;
hnap_push_service;/logs/firmware/unblob_extracted/firmware_extract/1446946-7513122.squashfs_v4_le_extract/usr/sbin/hnap_push_service;587;CWE252;51;["00401f64","00401f7c","00401f90","00401fa4","00402038","00402050","00402064","00402078","00403268","004032a8","00403754","00403778","004038f8","0040391c","00403bd8","00403bfc","00403d44","00403d68","00403e2c","00403e58","00404b54","00404bac","00404b54","00404bd0","00404b84","00404bac","00404b84","00404bd0","00404bac","00404bf8","00404be0","00404bf8","00404c0c","00404c14","00404c38","00404c40","00407070","00407084","00407550","00407590","00407a3c","00407a60","00407bd8","00407bfc","00407ebc","00407ee0","00408028","0040804c","00408110","0040813c","004088d4","004088e4","00408ac0","00408ad0","00408cac","00408cbc","00408e98","00408ea8","00409080","00409090","0040925c","0040926c","00409454","0040946c","0040963c","00409654","00409898","004098bc","00409ba0","00409bc4","00409f8c","0040a108","0040a0f0","0040a108","0040a46c","0040a5ec","0040a5d4","0040a5ec","0040a950","0040aad0","0040aab8","0040aad0","0040ae34","0040afb4","0040af9c","0040afb4","00411e58","00411e68","00411ef0","00411efc","004124ec","004126c0","004124ec","004126dc","00412700","00412714","00412714","0041271c","004130f0","004130d8","004130f0","00413118"];Unchecked Return Value;
hnap_push_service;/logs/firmware/unblob_extracted/firmware_extract/1446946-7513122.squashfs_v4_le_extract/usr/sbin/hnap_push_service;587;CWE332;1;[];Insufficient Entropy in PRNG;
hnap_push_service;/logs/firmware/unblob_extracted/firmware_extract/1446946-7513122.squashfs_v4_le_extract/usr/sbin/hnap_push_service;587;CWE467;1;["00411c68"];Use of sizeof on a Pointer Type;
hnap_push_service;/logs/firmware/unblob_extracted/firmware_extract/1446946-7513122.squashfs_v4_le_extract/usr/sbin/hnap_push_service;587;CWE476;269;["00404d04","00408340","00408360","00408414","00408424","0040843c","0040845c","00408474","00408488","0040849c","004084b0","004084c8","004084e0","00408500","00408528","0040854c","00408560","00408570","00408594","004085ac","004085c0","004085d0","004085e0","004085f0","00408604","0040861c","00408634","0040864c","00408660","00408678","0040869c","004086e0","00408704","00408720","00408738","00408748","00408764","0040877c","00408798","004087c4","004087f0","00408880","00408894","004088ac","004088cc","004088e8","00408920","00408944","00408998","004089a8","004089dc","00408a6c","00408a80","00408a98","00408ab8","00408ad4","00408b0c","00408b30","00408b84","00408b94","00408bc8","00408c58","00408c6c","00408c84","00408ca4","00408cc0","00408cf8","00408d1c","00408d70","00408d80","00408db4","00408e44","00408e58","00408e70","00408e90","00408eac","00408ee4","00408f08","00408f5c","00408f6c","00408fa0","0040902c","00409040","00409058","00409078","00409094","004090cc","004090f0","00409144","00409154","00409208","0040921c","00409234","00409254","00409270","004092a8","004092cc","00409320","00409330","004093d8","004093e8","0040941c","0040944c","00409468","004094a0","004094c4","00409518","00409528","004095d0","004095e0","00409614","00409634","00409650","00409688","004096ac","00409700","00409710","004097d8","004097ec","00409804","00409844","00409858","00409870","00409890","004098b8","0040990c","0040991c","00409954","0040998c","004099b0","00409a04","00409a14","00409ae0","00409af4","00409b0c","00409b4c","00409b60","00409b78","00409b98","00409bc0","00409c14","00409c24","00409c5c","00409c94","00409cb8","00409d0c","00409d1c","00409d94","00409db0","00409ea0","00409ef0","00409f14","00409f4c","00409f64","00409f84","0040a024","0040a054","0040a078","0040a0b0","0040a0c8","0040a0e8","0040a104","0040a130","0040a178","0040a19c","0040a1f0","0040a200","0040a278","0040a294","0040a380","0040a3d0","0040a3f4","0040a42c","0040a444","0040a464","0040a508","0040a538","0040a55c","0040a594","0040a5ac","0040a5cc","0040a5e8","0040a614","0040a65c","0040a680","0040a6d4","0040a6e4","0040a75c","0040a778","0040a864","0040a8b4","0040a8d8","0040a910","0040a928","0040a948","0040a9ec","0040aa1c","0040aa40","0040aa78","0040aa90","0040aab0","0040aacc","0040aaf8","0040ab40","0040ab64","0040abb8","0040abc8","0040ac44","0040ac60","0040ad48","0040ad98","0040adbc","0040adf4","0040ae0c","0040ae2c","0040aed0","0040af00","0040af24","0040af5c","0040af74","0040af94","0040afb0","0040afdc","0040b024","0040b048","0040b09c","0040b0ac","0040b130","0040b154","0040b158","0040b15c","0040b160","0040b164","0040b1ac","0040b1bc","0040b1dc","0040b1f0","0040b214","0040b230","0040b340","0040b354","0040b374","0040b3b0","0040b3b4","0040b3b8","0040b3bc","0040b3c0","0040b408","0040b430","0040b484","0040b4a4","0040b4e8","0040b4fc","0040b50c","0040b510","0040b52c","0040b54c","0040b56c","0040b570","0040b574","0040b578","0040b57c","0040b580","0040b584","0040b588","0040b58c","0040b590","004109b0","004109e0","00410dac","00410ddc"];NULL Pointer Dereference;
hnap_push_service;/logs/firmware/unblob_extracted/firmware_extract/1446946-7513122.squashfs_v4_le_extract/usr/sbin/hnap_push_service;587;CWE676;252;["00402558","00402b80","00402ed0","00402ef0","00402f6c","00403010","004030bc","00403224","004032a8","00403354","004033c0","00403410","00403478","004034c0","00403680","004036d4","00403714","00403778","004037d8","00403818","00403878","004038b8","0040391c","0040397c","00403b20","00403b64","00403b98","00403bfc","00403c4c","00403c80","00403cd0","00403d04","00403d68","00403db8","00403dec","00403ea0","00403f08","00404c90","00404e0c","00404ef0","00404f10","00404f5c","00405004","00405048","00405080","00405130","00405168","00405370","00405490","00405524","00405698","00405728","00405790","00405980","00405a74","00405b14","00405c30","00405cc0","00405d2c","00406c7c","00406dc4","00406e08","00406e2c","00406e50","00406e74","00406eec","00406f64","00406f98","00406ff4","0040703c","0040718c","004071a0","004071b4","004071e4","004072a8","004072d0","004072f0","00407394","0040750c","00407590","0040763c","004076a8","004076f8","00407760","004077a8","0040796c","004079bc","004079fc","00407a60","00407abc","00407afc","00407b58","00407b98","00407bfc","00407c5c","00407e04","00407e48","00407e7c","00407ee0","00407f30","00407f64","00407fb4","00407fe8","0040804c","0040809c","004080d0","00408184","004081ec","004083ec","0040883c","004088b4","00408978","00408a28","00408aa0","00408b64","00408c14","00408c8c","00408d50","00408e00","00408e78","00408f3c","00408fe8","00409060","00409124","004091c4","0040923c","00409300","004093a0","004094f8","00409598","004096e0","00409780","0040980c","00409878","004098ec","004099e4","00409a88","00409b14","00409b80","00409bf4","00409cec","00409e90","00409eb0","00409ed0","00409f6c","00409ff4","0040a014","0040a034","0040a0d0","0040a1d0","0040a370","0040a390","0040a3b0","0040a44c","0040a4d8","0040a4f8","0040a518","0040a5b4","0040a6b4","0040a854","0040a874","0040a894","0040a930","0040a9bc","0040a9dc","0040a9fc","0040aa98","0040ab98","0040ad38","0040ad58","0040ad78","0040ae14","0040aea0","0040aec0","0040aee0","0040af7c","0040b07c","0040b13c","0040b198","0040b398","0040b3f4","0040b464","0040b5ac","004109c4","00410b90","00410ba8","00410bf0","00410c18","00410dc0","00411600","00411664","004118b0","0041195c","0041198c","004119b8","004119cc","00411d48","00411df8","00411e58","00411ef0","00411f90","0041219c","004121fc","0041220c","004123e8","00412408","00412428","004124dc","00412890","004128b0","004128d4","00412940","0041295c","00412998","00412c24","00412c5c","00412c74","00412d90","00412dc8","00412de0","00412f38","00412fac","0041319c","004131d0","00413210","004132a4","00413424","00413590","0041363c","004136cc","0041371c","00413788","004137d4","0041380c","00413968","004139ec","00413a20","00413a7c","00413a98","00413ab8","00413ad0","00413bc0","00413bd8","00413be8","00413c00","00413c10","00413c64","00413cf8","00413dac","00413dd0","00413e28","00414080"];Use of Potentially Dangerous Function;
hnap_push_service;/logs/firmware/unblob_extracted/firmware_extract/1446946-7513122.squashfs_v4_le_extract/usr/sbin/hnap_push_service;587;CWE787;2;["00407260","0041217c"];Out-of-bounds Write;
hnap_push_service;/logs/firmware/unblob_extracted/firmware_extract/1446946-7513122.squashfs_v4_le_extract/usr/sbin/hnap_push_service;587;CWE789;3;["00402fa8","00407210","00412848"];Large memory allocation;
hnap_tool_wifi_sitesurvey;/logs/firmware/unblob_extracted/firmware_extract/1446946-7513122.squashfs_v4_le_extract/usr/sbin/hnap_tool_wifi_sitesurvey;21;CWE252;4;["00401158","00401cc0","00401240","00401270","0040125c","00401270","00401284","00401294"];Unchecked Return Value;
hnap_tool_wifi_sitesurvey;/logs/firmware/unblob_extracted/firmware_extract/1446946-7513122.squashfs_v4_le_extract/usr/sbin/hnap_tool_wifi_sitesurvey;21;CWE332;1;[];Insufficient Entropy in PRNG;
hnap_tool_wifi_sitesurvey;/logs/firmware/unblob_extracted/firmware_extract/1446946-7513122.squashfs_v4_le_extract/usr/sbin/hnap_tool_wifi_sitesurvey;21;CWE467;1;["004013b4"];Use of sizeof on a Pointer Type;
hnap_tool_wifi_sitesurvey;/logs/firmware/unblob_extracted/firmware_extract/1446946-7513122.squashfs_v4_le_extract/usr/sbin/hnap_tool_wifi_sitesurvey;21;CWE476;1;["004011b4","00401218"];NULL Pointer Dereference;
hnap_tool_wifi_sitesurvey;/logs/firmware/unblob_extracted/firmware_extract/1446946-7513122.squashfs_v4_le_extract/usr/sbin/hnap_tool_wifi_sitesurvey;21;CWE676;14;["004010d4","00401294","0040139c","004013b4","004013d0","004013ec","00401408","00401424","00401440","0040145c","0040159c","00401c14","00401d38","00402360"];Use of Potentially Dangerous Function;
getpreviewimg;/logs/firmware/unblob_extracted/firmware_extract/1446946-7513122.squashfs_v4_le_extract/usr/sbin/getpreviewimg;67;CWE134;1;["0041be28"];Externally Controlled Format String;
getpreviewimg;/logs/firmware/unblob_extracted/firmware_extract/1446946-7513122.squashfs_v4_le_extract/usr/sbin/getpreviewimg;67;CWE252;2;["004028f4","00402adc","00402ab4","00402abc"];Unchecked Return Value;
getpreviewimg;/logs/firmware/unblob_extracted/firmware_extract/1446946-7513122.squashfs_v4_le_extract/usr/sbin/getpreviewimg;67;CWE476;17;["00405148","00407068","00407074","00407364","00407370","00407b30","00407b3c","0040df90","0040ebb0","0040f8d4","0040fe7c","0040fe8c","0040fe90","00411668","00401dd4","00401f28","00401de8","00402044","00401e00","0040205c"];NULL Pointer Dereference;
getpreviewimg;/logs/firmware/unblob_extracted/firmware_extract/1446946-7513122.squashfs_v4_le_extract/usr/sbin/getpreviewimg;67;CWE676;43;["00402044","0040205c","0040223c","00402254","00402534","00402938","00402948","0040296c","004029b4","004029c8","00402a10","00402a28","00402a58","00402aa4","00402ff8","00403d08","00403d6c","00406928","004092cc","00409684","00409d84","00409fb4","0040a008","0040a118","0040a130","0040a3a0","0040b69c","0040d5c4","0040e6c8","0040e714","0040e72c","0040edec","00410a6c","00410a88","00411cfc","00412190","00412518","004136f4","004138d0","00415e78","0041bbc0","0041be28","0041c67c"];Use of Potentially Dangerous Function;
getpreviewimg;/logs/firmware/unblob_extracted/firmware_extract/1446946-7513122.squashfs_v4_le_extract/usr/sbin/getpreviewimg;67;CWE787;4;["00401cec","00407864","00414a74","0041a4e0"];Out-of-bounds Write;
sysmgr;/logs/firmware/unblob_extracted/firmware_extract/1446946-7513122.squashfs_v4_le_extract/usr/sbin/sysmgr;9;CWE252;1;["00400d70","00400d80"];Unchecked Return Value;
sysmgr;/logs/firmware/unblob_extracted/firmware_extract/1446946-7513122.squashfs_v4_le_extract/usr/sbin/sysmgr;9;CWE676;8;["00400d48","00400d58","00401290","004012b0","004012d0","00401354","004013d4","0040141c"];Use of Potentially Dangerous Function;
ipfind;/logs/firmware/unblob_extracted/firmware_extract/1446946-7513122.squashfs_v4_le_extract/usr/sbin/ipfind;26;CWE252;2;["00401210","00401220","004016fc","0040273c"];Unchecked Return Value;
ipfind;/logs/firmware/unblob_extracted/firmware_extract/1446946-7513122.squashfs_v4_le_extract/usr/sbin/ipfind;26;CWE467;1;["00402664"];Use of sizeof on a Pointer Type;
ipfind;/logs/firmware/unblob_extracted/firmware_extract/1446946-7513122.squashfs_v4_le_extract/usr/sbin/ipfind;26;CWE676;22;["00400f8c","00401154","004011e8","004011f8","00401774","004017a4","004017fc","00401834","0040184c","004018cc","00401a9c","00401ad0","00401ae8","00401b1c","00401b34","00401b6c","00401fd8","004021c4","00402308","00402528","004026a0","0040270c"];Use of Potentially Dangerous Function;
ipfind;/logs/firmware/unblob_extracted/firmware_extract/1446946-7513122.squashfs_v4_le_extract/usr/sbin/ipfind;26;CWE787;1;["004013d4"];Out-of-bounds Write;
twinkling;/logs/firmware/unblob_extracted/firmware_extract/1446946-7513122.squashfs_v4_le_extract/usr/sbin/twinkling;2;CWE782;2;["004009f8","00400a48"];Exposed IOCTL with Insufficient Access Control;
rscam_uvc;/logs/firmware/unblob_extracted/firmware_extract/1446946-7513122.squashfs_v4_le_extract/usr/sbin/rscam_uvc;365;CWE134;8;["00404138","00406844","00408340","0040a050","0040a0b8","0040a340","0040a3dc","0040a534"];Externally Controlled Format String;
rscam_uvc;/logs/firmware/unblob_extracted/firmware_extract/1446946-7513122.squashfs_v4_le_extract/usr/sbin/rscam_uvc;365;CWE190;1;["0040b6b0"];Integer Overflow or Wraparound;
rscam_uvc;/logs/firmware/unblob_extracted/firmware_extract/1446946-7513122.squashfs_v4_le_extract/usr/sbin/rscam_uvc;365;CWE252;27;["00404620","00404650","00404730","00404754","00404774","004047a4","00404884","004048a8","004048c8","004048e8","00404a60","00404a74","00404b30","00404b64","00404c44","00404c6c","00404c8c","00404cbc","00404db0","00404de4","00404ed8","00404f08","00404ffc","0040502c","004078bc","004078c8","00407d24","00407d34","00408a10","00408a48","00408a3c","00408a48","00408a8c","00408600","00408a8c","00408be8","00408a8c","00408dd8","00408a8c","00408f64","00408a8c","004093ec","00408a8c","0040994c","0040a340","0040a360","0040a4e0","0040a4f0","0040a534","0040a540","0040af30","0040af68","0040af5c","0040af68"];Unchecked Return Value;
rscam_uvc;/logs/firmware/unblob_extracted/firmware_extract/1446946-7513122.squashfs_v4_le_extract/usr/sbin/rscam_uvc;365;CWE416;1;["00405a98"];Use After Free;
rscam_uvc;/logs/firmware/unblob_extracted/firmware_extract/1446946-7513122.squashfs_v4_le_extract/usr/sbin/rscam_uvc;365;CWE476;5;["00405a40","00405a50","00405a70","00405a98","0040b7f0","0040b910"];NULL Pointer Dereference;
rscam_uvc;/logs/firmware/unblob_extracted/firmware_extract/1446946-7513122.squashfs_v4_le_extract/usr/sbin/rscam_uvc;365;CWE676;51;["00404138","00404340","00404384","004043cc","00404434","004044ac","004045e8","004046f8","0040484c","00404af8","00404c0c","00404d00","00404d78","00404e28","00404ea0","00404f4c","00404fc4","00406678","004066a0","004066e4","00406744","00406dd8","00407090","0040761c","004076e8","0040789c","004085d0","0040861c","00409e7c","0040a050","0040a0b8","0040a180","0040a1a8","0040a1e4","0040a2a8","0040a314","0040a340","0040a368","0040a3dc","0040a534","0040b6fc","0040b728","0040ea4c","0040f8c8","00416440","004166b8","0041677c","0041688c","00416940","00416ac8","00416c88"];Use of Potentially Dangerous Function;
rscam_uvc;/logs/firmware/unblob_extracted/firmware_extract/1446946-7513122.squashfs_v4_le_extract/usr/sbin/rscam_uvc;365;CWE782;4;["0040ea7c","0041647c","00416574","00416644"];Exposed IOCTL with Insufficient Access Control;
rscam_uvc;/logs/firmware/unblob_extracted/firmware_extract/1446946-7513122.squashfs_v4_le_extract/usr/sbin/rscam_uvc;365;CWE787;268;["00403d1c","00403d40","00403d7c","00403dec","00403e44","00403e98","00404110","00405160","00405210","00405890","00406158","004061b0","00406204","004064bc","00406644","0040688c","0040728c","00407880","00407904","00407b4c","004081a8","004083cc","00408720","0040897c","00408ad0","00408c48","00408e60","00409018","00409198","004092e8","0040944c","004095bc","004097c4","004099d4","00409be4","00409d18","00409e4c","0040a154","0040a61c","0040a740","0040a7ec","0040a8ac","0040a9b8","0040aa9c","0040b018","0040b160","0040b2f4","0040b44c","0040b60c","0040b9a8","0040ba24","0040baa0","0040bbc0","0040bc20","0040bc6c","0040bf94","0040c064","0040c1ec","0040c340","0040c53c","0040c698","0040c8e0","0040c98c","0040cb28","0040cc8c","0040ce48","0040cfcc","0040d164","0040d2b0","0040d344","0040d494","0040d5a8","0040d6fc","0040d818","0040d968","0040da7c","0040dbc0","0040dcc8","0040de0c","0040df24","0040e3e8","0040e508","0040e5b0","0040e66c","0040e9bc","0040ea20","0040edac","0040ee74","0040ef4c","0040f078","0040f100","0040f238","0040f3a0","0040f42c","0040f4b8","0040f544","0040f5d0","0040f640","0040f6c4","0040f748","0040f7c0","0040f89c","0040f964","0040fa1c","0040faac","0040fc5c","0040fe04","0040fe84","0040ff58","0041002c","004100ac","0041012c","004101ac","0041022c","004102a4","004103b0","00410430","00410500","00410658","004106d8","00410758","004107d8","004108b0","00410930","004109b0","00410a24","00410a94","00410b04","00410b74","00410be4","00410c54","00410cc4","00410d34","00410da4","00410e14","00410e84","00410ef4","00410f64","00410fcc","0041103c","004110ac","0041111c","0041118c","004111fc","0041126c","004112dc","0041134c","004113bc","0041142c","0041149c","0041150c","0041157c","004115ec","0041165c","004116cc","0041173c","004117ac","0041181c","0041188c","004118fc","0041196c","004119dc","00411a4c","00411abc","00411b2c","00411b9c","00411c0c","00411c7c","00411cec","00411d5c","00411dcc","00411e3c","00411eac","00411f1c","00411f8c","00411ffc","004120c8","00412194","00412284","00412348","00412430","004124ec","0041255c","004125ec","0041267c","004126f0","00412760","004127f0","00412880","004128f4","00412964","004129f4","00412a84","00412af8","00412bac","00412c3c","00412ccc","00412d5c","00412e08","00412eb4","00412f24","00412f94","00413058","004130c8","00413138","004131b0","004132a0","00413390","004134f8","00413560","004135c8","00413638","004136a8","00413718","00413788","004137f8","00413868","004138d8","00413948","004139b8","00413a28","00413a98","00413b08","00413b78","00413be8","00413c58","00413cc8","00413d48","00413e4c","00414138","004141a8","00414218","00414288","00414308","0041440c","004146f8","00414768","004147d8","00414848","004148b8","0041492c","004149b4","00414a1c","00414a8c","00414b74","00414be4","00414c54","00414d88","00414df8","00414f70","00415028","004150e0","004152bc","0041532c","004153c8","004154ac","0041555c","004155c8","0041563c","00415d4c","00416400","00416624","00416690","00416750","00416868","0041691c","004169d0","00416b50"];Out-of-bounds Write;
ntpclient;/logs/firmware/unblob_extracted/firmware_extract/1446946-7513122.squashfs_v4_le_extract/usr/sbin/ntpclient;15;CWE134;5;["0040205c","00402108","004021c0","004033b4","004035ac"];Externally Controlled Format String;
ntpclient;/logs/firmware/unblob_extracted/firmware_extract/1446946-7513122.squashfs_v4_le_extract/usr/sbin/ntpclient;15;CWE252;7;["00401f48","004020d8","00401f48","004028f8","00401f90","00402918","00401fb8","00402918","00401fe4","00402134","00401fe4","00402918","00402008","00401ee4"];Unchecked Return Value;
ntpclient;/logs/firmware/unblob_extracted/firmware_extract/1446946-7513122.squashfs_v4_le_extract/usr/sbin/ntpclient;15;CWE476;1;["00401204"];NULL Pointer Dereference;
ntpclient;/logs/firmware/unblob_extracted/firmware_extract/1446946-7513122.squashfs_v4_le_extract/usr/sbin/ntpclient;15;CWE676;2;["0040205c","00402588"];Use of Potentially Dangerous Function;
upnp_igd;/logs/firmware/unblob_extracted/firmware_extract/1446946-7513122.squashfs_v4_le_extract/usr/sbin/upnp_igd;735;CWE134;1;["00413248"];Externally Controlled Format String;
upnp_igd;/logs/firmware/unblob_extracted/firmware_extract/1446946-7513122.squashfs_v4_le_extract/usr/sbin/upnp_igd;735;CWE190;7;["0040cdf8","0040e8ac","0040f6c0","00411d64","00411e28","00411f38","00412ed4"];Integer Overflow or Wraparound;
upnp_igd;/logs/firmware/unblob_extracted/firmware_extract/1446946-7513122.squashfs_v4_le_extract/usr/sbin/upnp_igd;735;CWE252;29;["00402ab0","0040944c","00402ab0","00409680","00402ab0","004098b8","00402ab0","00409b68","00402ab0","0040a124","00402ab0","0040a214","00402ab0","0040a660","00402ab0","0040a750","00402ab0","0040a980","00402ab0","0040acb8","00402ab0","0040aeec","00402ab0","0040afdc","00402ab0","0040b0c8","00402ab0","0040b2f8","00402ab0","0040b3e8","00402ab0","0040b4d4","00402ab0","0040b5c0","00402ab0","0040b6ac","00402ab0","0040b8dc","00402ab0","0040bbf8","00402ab0","0040be2c","0040c014","0040c048","00413dbc","00413da8","00413dbc","00413dfc","00414c4c","00414c6c","00414ccc","00414cd4","00414ea0","00414eac","00414f14","00414f2c","00414f70","00414f80"];Unchecked Return Value;
upnp_igd;/logs/firmware/unblob_extracted/firmware_extract/1446946-7513122.squashfs_v4_le_extract/usr/sbin/upnp_igd;735;CWE337;1;["004146e4"];RNG seed function srand at 004146e4 is seeded with predictable seed source.;
upnp_igd;/logs/firmware/unblob_extracted/firmware_extract/1446946-7513122.squashfs_v4_le_extract/usr/sbin/upnp_igd;735;CWE416;2;["0040dad8","0040f18c"];Use After Free;
upnp_igd;/logs/firmware/unblob_extracted/firmware_extract/1446946-7513122.squashfs_v4_le_extract/usr/sbin/upnp_igd;735;CWE467;6;["00402988","0040442c","0040476c","0041226c","0041228c","004122b8"];Use of sizeof on a Pointer Type;
upnp_igd;/logs/firmware/unblob_extracted/firmware_extract/1446946-7513122.squashfs_v4_le_extract/usr/sbin/upnp_igd;735;CWE476;250;["00403b78","004082a0","004082e4","004082f0","0040c7d4","0040cb2c","0040ccd8","0040d2dc","0040d30c","0040d328","0040d32c","0040d330","0040d344","0040d34c","0040d364","0040d370","0040d374","0040d37c","0040d388","0040d390","0040d39c","0040d3bc","0040d3dc","0040d3e4","0040d3f4","0040d410","0040d42c","0040e428","00411128","00411134","00411138","0041114c","00411154","00411158","00411164","00411168","00411174","0041117c","00411188","0041118c","00411194","00411198","004111f8","004111fc","00411208","00411508","00411514","004124ac","004124b0","004124d8","004124dc","004125c8","00412774","004127a4","004127c8","004127e8","00412800","00412ab8","00412ae4","00412b0c","00412bac","00412bcc","00413374","0041339c","004134b0","004134bc","004134cc","00413890","00413894","0041389c","004138a8","004138b0","00413900","0041392c","00413a7c","00401c0c","00401c20","00401c94","00401cb8","00401f08","00401f2c","00402680","004026a0","00402ed4","00402eec","004031c8","004031e4","004031fc","00403238","0040338c","004033a8","004033fc","00403418","0040347c","00403498","004034ec","00403508","00403568","00403584","004035e4","00403600","0040365c","00403678","004036d4","004036f0","0040374c","00403768","00403834","00403864","004038ac","004038dc","00403920","0040393c","00403ba0","00403bb4","00403bf4","00403c10","00403dbc","00403dd8","00403e18","00403e48","00403eb4","00403ee4","00403f6c","00403f88","00403fc8","00403ff8","00404064","00404094","004040f8","00404114","00404290","004042a4","004042f4","00404310","004043d8","004043ec","00404458","00404474","00404508","0040451c","0040453c","00404558","004046c0","004046dc","00404720","0040473c","00404798","004047b4","00404ce0","00404cf8","00404d08","00404d38","00404f84","00404f9c","00405140","00405164","00405264","004052b0","00405468","0040548c","00405638","00405810","00405670","004056a4","00405720","00405764","00405890","00405a68","004058c8","004058fc","00405978","004059bc","00405ae8","00405cc0","00405b20","00405b54","00405bd0","00405c14","00405d40","00405f18","00405d78","00405dac","00405e28","00405e6c","00405f9c","00406178","00405fd4","0040600c","00406088","004060cc","004061fc","004063d8","00406234","0040626c","004062e8","0040632c","00406464","0040667c","004064d0","00406510","0040658c","004065d0","00406704","00406914","0040676c","004067a8","00406824","00406868","00406994","00406b6c","004069cc","00406a00","00406a7c","00406ac0","00406bec","00406dc4","00406c24","00406c58","00406cd4","00406d18","00406e44","0040701c","00406e7c","00406eb0","00406f2c","00406f70","004070a8","004072c0","00407114","00407154","004071d0","00407214","00407340","00407518","00407378","004073ac","00407428","0040746c","00407598","00407770","004075d0","00407604","00407680","004076c4","004077fc","00407a14","00407868","004078a8","00407924","00407968","00407ab4","00407d2c","00407b58","00407bc0","00407c3c","00407c80","00407db0","00407fa4","00407e00","00407e38","00407eb4","00407ef8","00408024","004081fc","0040805c","00408090","0040810c","00408150","0040827c","00408454","004082b4","004082e8","00408364","004083a8","004084d4","004086ac","0040850c","00408540","004085bc","00408600","0040872c","00408904","00408764","00408798","00408814","00408858","0040bf38","0040bf50","0040c328","0040c348","0040c360","0040c380","0040c410","0040c434","0040c5f4","0040c60c","0040c9ec","0040ca04","0040ca14","0040ca38","0040cd9c","0040cddc","0040cdf8","0040ce14","0040d03c","0040d050","0040d280","0040d29c","0040d700","0040d71c","0040daa8","0040dad8","0040e7d8","0040e818","0040e884","0040e89c","0040e8ac","0040e8f0","0040edc0","0040eddc","0040f15c","0040f18c","0040f61c","0040f67c","0040f6c0","0040f6dc","0040f8d8","0040f8f4","0040f90c","0040f92c","0040fae0","0040fb08","0040fc98","0040fcdc","0040fd4c","0040fd68","004100f0","0041010c","004107d0","00410888","00410a14","00410a24","00410abc","00410ac8","00410b30","00410b40","00410bb4","00410bd4","00410cb8","00410cc4","00410d44","00410d54","00410de4","00410df8","00410e34","00410e44","00410eb8","00410ecc","00410f2c","00410f4c","004114a0","004114ac","004114b4","004114bc","00411c64","00411c80","00411c80","00411c9c","00411cbc","00411cdc","00411d64","00411d80","00411da0","00411dc0","00411e28","00411e44","00411ec4","00411ee0","00411f38","00411f60","00412030","00412094","00412104","00412120","00412304","0041232c","00412318","00412338","00412384","004123a4","004128a4","004128c0","00412958","00412978","00412ac4","00412ae8","00412b44","00412b64","00412bb0","00412bd0","00412ed4","00412f08","00413318","00413338","00413404","0041342c","00413548","00413554","004137ac","004137bc","004137ec","0041380c","00413e74","00413e94","00413fa8","00413fc8","00414124","00414168","004146c0","004146f8","004148e0","004148fc","00414c18","00414c4c"];NULL Pointer Dereference;
upnp_igd;/logs/firmware/unblob_extracted/firmware_extract/1446946-7513122.squashfs_v4_le_extract/usr/sbin/upnp_igd;735;CWE676;435;["00401c84","00401cb8","00401ccc","00401ce0","00401ec0","00401ef8","00401f2c","00401f3c","00401f88","0040228c","004022a0","004022c4","004023b4","00402404","0040243c","004024ac","00402528","00402590","00402708","0040294c","00402988","004029c4","00402a00","00402a3c","00402a78","00402bb8","00402c38","00402d50","00402ddc","00402eec","00402f80","00402fa0","004031e4","00403238","00403270","004032b0","00403324","0040336c","004033a8","004033cc","00403418","0040344c","00403498","004034bc","00403508","00403538","00403584","004035b4","00403600","00403630","00403678","004036a8","004036f0","00403720","00403768","00403798","00403820","0040384c","00403864","00403874","00403898","004038c4","004038dc","004038ec","00403908","0040393c","00403988","004039f4","00403a54","00403aa0","00403ae4","00403b20","00403bdc","00403c10","00403c48","00403c74","00403c90","00403ca0","00403cbc","00403ccc","00403cec","00403d18","00403d34","00403d44","00403d64","00403d74","00403da4","00403dd8","00403e08","00403e30","00403e48","00403e58","00403e74","00403e84","00403ea4","00403ecc","00403ee4","00403ef4","00403f14","00403f24","00403f54","00403f88","00403fb8","00403fe0","00403ff8","00404008","00404024","00404034","00404054","0040407c","00404094","004040a4","004040c4","004040d4","00404114","00404244","00404278","004042c8","00404310","00404374","004043bc","0040442c","00404474","004044ac","004044f0","00404558","0040463c","00404680","004046dc","004046f4","0040473c","0040476c","004047b4","00404cf8","00404d20","00404d38","00404d48","00404f74","00404f9c","004050f8","00405130","00405164","00405174","0040523c","00405250","004052b0","004052c0","00405420","00405458","0040548c","0040549c","00405514","00405660","004056a4","004056e0","004056f4","0040570c","00405764","004058b8","004058fc","00405938","0040594c","00405964","004059bc","00405b10","00405b54","00405b90","00405ba4","00405bbc","00405c14","00405d68","00405dac","00405de8","00405dfc","00405e14","00405e6c","00405fc4","0040600c","00406048","0040605c","00406074","004060cc","00406224","0040626c","004062a8","004062bc","004062d4","0040632c","0040648c","004064a0","004064b4","00406510","0040654c","00406560","00406578","004065d0","0040672c","00406740","00406758","004067a8","004067e4","004067f8","00406810","00406868","004069bc","00406a00","00406a3c","00406a50","00406a68","00406ac0","00406c14","00406c58","00406c94","00406ca8","00406cc0","00406d18","00406e6c","00406eb0","00406eec","00406f00","00406f18","00406f70","004070d0","004070e4","004070f8","00407154","00407190","004071a4","004071bc","00407214","00407368","004073ac","004073e8","004073fc","00407414","0040746c","004075c0","00407604","00407640","00407654","0040766c","004076c4","00407824","00407838","0040784c","004078a8","004078e4","004078f8","00407910","00407968","00407adc","00407af0","00407b04","00407b18","00407b2c","00407bc0","00407bfc","00407c10","00407c28","00407c80","00407dd8","00407dec","00407e38","00407e74","00407e88","00407ea0","00407ef8","0040804c","00408090","004080cc","004080e0","004080f8","00408150","004082a4","004082a4","004082e8","004082e8","00408324","00408324","00408338","00408338","00408350","00408350","004083a8","004083a8","004084fc","00408540","0040857c","00408590","004085a8","00408600","00408754","00408798","004087d4","004087e8","00408800","00408858","00408b40","00408c70","00409314","00409350","004093b0","004095b0","004095f0","004097e4","00409820","00409a24","00409a64","00409ac4","00409d00","00409d3c","00409da8","00409e18","00409e70","00409ed8","00409f38","00409fd4","0040a034","0040a394","0040a3d8","0040a43c","0040a498","0040a534","0040a594","0040a8b0","0040a8f0","0040aaec","0040ab34","0040abcc","0040ae1c","0040ae5c","0040b228","0040b268","0040b80c","0040b84c","0040ba4c","0040ba8c","0040baec","0040bb4c","0040bd5c","0040bd9c","0040bf50","0040c2e4","0040c348","0040c380","0040c400","0040c434","0040c498","0040c544","0040c588","0040c5e4","0040c60c","0040c9dc","0040ca04","0040ce14","0040d29c","0040d71c","0040d804","0040d874","0040d924","0040db38","0040e818","0040e8f0","0040eddc","0040eec4","0040ef30","0040efcc","0040f1e4","0040f6dc","0040f8f4","0040f92c","0040fb08","0040fd68","0041010c","00411afc","00411b68","00411c9c","00411cdc","00411d80","00411dc0","00411e44","00411ee0","00411f60","00411fa4","00412094","00412120","00412250","0041226c","0041228c","004122b8","004128c0","00412978","00412a58","00412ae8","00412b64","00412bd0","00412f08","00412f20","00412f44","00412f60","00412f80","00412fb0","00412fd8","00412ff0","0041303c","00413074","004130d4","00413248","00413338","004133a8","0041342c","00413780","0041380c","00413a94","00413b5c","00413ba4","00413cc0","00413d74","00413e94","00413fc8","0041482c","00414888","004148fc","00414b58","00414ccc","00414d10","00414ea0","00414f14","00414f2c","00414f58","00414f70","00414fe0","00414ff8","004152dc","004152f0"];Use of Potentially Dangerous Function;
upnp_igd;/logs/firmware/unblob_extracted/firmware_extract/1446946-7513122.squashfs_v4_le_extract/usr/sbin/upnp_igd;735;CWE782;2;["004147cc","00414844"];Exposed IOCTL with Insufficient Access Control;
upnp_igd;/logs/firmware/unblob_extracted/firmware_extract/1446946-7513122.squashfs_v4_le_extract/usr/sbin/upnp_igd;735;CWE787;2;["0040fc8c","00414c0c"];Out-of-bounds Write;
makeBonjourFile;/logs/firmware/unblob_extracted/firmware_extract/1446946-7513122.squashfs_v4_le_extract/usr/sbin/makeBonjourFile;8;CWE252;3;["00401024","00401034","0040107c","00401090","00401090","00401098"];Unchecked Return Value;
makeBonjourFile;/logs/firmware/unblob_extracted/firmware_extract/1446946-7513122.squashfs_v4_le_extract/usr/sbin/makeBonjourFile;8;CWE676;5;["00400980","004009a0","00400b1c","00400b40","00400b60"];Use of Potentially Dangerous Function;
bundle_restore;/logs/firmware/unblob_extracted/firmware_extract/1446946-7513122.squashfs_v4_le_extract/usr/sbin/bundle_restore;11;CWE134;1;["00400b48"];Externally Controlled Format String;
bundle_restore;/logs/firmware/unblob_extracted/firmware_extract/1446946-7513122.squashfs_v4_le_extract/usr/sbin/bundle_restore;11;CWE252;1;["00400b5c","00400b68"];Unchecked Return Value;
bundle_restore;/logs/firmware/unblob_extracted/firmware_extract/1446946-7513122.squashfs_v4_le_extract/usr/sbin/bundle_restore;11;CWE476;2;["00400b6c","00400b9c"];NULL Pointer Dereference;
bundle_restore;/logs/firmware/unblob_extracted/firmware_extract/1446946-7513122.squashfs_v4_le_extract/usr/sbin/bundle_restore;11;CWE676;7;["00400948","00400968","00400988","00400a40","00400a90","00400aec","00400b48"];Use of Potentially Dangerous Function;
rtkmib;/logs/firmware/unblob_extracted/firmware_extract/1446946-7513122.squashfs_v4_le_extract/usr/sbin/rtkmib;5;CWE252;3;["00400c24","00400c24","00400c24","00400c44","00400cc0","00400cd4"];Unchecked Return Value;
rtkmib;/logs/firmware/unblob_extracted/firmware_extract/1446946-7513122.squashfs_v4_le_extract/usr/sbin/rtkmib;5;CWE676;2;["00400b3c","00400cc0"];Use of Potentially Dangerous Function;
msger;/logs/firmware/unblob_extracted/firmware_extract/1446946-7513122.squashfs_v4_le_extract/usr/sbin/msger;6;CWE252;3;["004011b8","00401668","00401424","0040143c","00401578","00401688"];Unchecked Return Value;
msger;/logs/firmware/unblob_extracted/firmware_extract/1446946-7513122.squashfs_v4_le_extract/usr/sbin/msger;6;CWE476;1;["00401618"];NULL Pointer Dereference;
msger;/logs/firmware/unblob_extracted/firmware_extract/1446946-7513122.squashfs_v4_le_extract/usr/sbin/msger;6;CWE676;2;["00401460","00401474"];Use of Potentially Dangerous Function;
userconfig;/logs/firmware/unblob_extracted/firmware_extract/1446946-7513122.squashfs_v4_le_extract/usr/sbin/userconfig;28;CWE134;1;["004017a0"];Externally Controlled Format String;
userconfig;/logs/firmware/unblob_extracted/firmware_extract/1446946-7513122.squashfs_v4_le_extract/usr/sbin/userconfig;28;CWE252;8;["00400ecc","00400ee4","00400f20","00400f30","004010fc","00401168","00401230","004014d4","004012e8","004014d4","004017b4","00401694","004017b4","004017d8","00402118","00402260"];Unchecked Return Value;
userconfig;/logs/firmware/unblob_extracted/firmware_extract/1446946-7513122.squashfs_v4_le_extract/usr/sbin/userconfig;28;CWE476;4;["004017c4","004017ec","00400fe8","00401000","004010b0","004010c8"];NULL Pointer Dereference;
userconfig;/logs/firmware/unblob_extracted/firmware_extract/1446946-7513122.squashfs_v4_le_extract/usr/sbin/userconfig;28;CWE676;14;["00400e50","00400e70","00401000","004010c8","00401394","004013a4","004013f0","00401550","00401570","004015a4","00401694","004016e0","0040173c","004017a0"];Use of Potentially Dangerous Function;
userconfig;/logs/firmware/unblob_extracted/firmware_extract/1446946-7513122.squashfs_v4_le_extract/usr/sbin/userconfig;28;CWE787;1;["00401524"];Out-of-bounds Write;
wanip_detect;/logs/firmware/unblob_extracted/firmware_extract/1446946-7513122.squashfs_v4_le_extract/usr/sbin/wanip_detect;4;CWE252;2;["00400b18","00400b30","00400c70","00400c88"];Unchecked Return Value;
wanip_detect;/logs/firmware/unblob_extracted/firmware_extract/1446946-7513122.squashfs_v4_le_extract/usr/sbin/wanip_detect;4;CWE467;1;["00400ca0"];Use of sizeof on a Pointer Type;
wanip_detect;/logs/firmware/unblob_extracted/firmware_extract/1446946-7513122.squashfs_v4_le_extract/usr/sbin/wanip_detect;4;CWE676;1;["00400ca0"];Use of Potentially Dangerous Function;
mdb;/logs/firmware/unblob_extracted/firmware_extract/1446946-7513122.squashfs_v4_le_extract/usr/sbin/mdb;296;CWE190;2;["004088c8","004088f0"];Integer Overflow or Wraparound;
mdb;/logs/firmware/unblob_extracted/firmware_extract/1446946-7513122.squashfs_v4_le_extract/usr/sbin/mdb;296;CWE252;50;["0040275c","00402764","00402780","00402788","00403710","0040371c","00403798","004037a4","00403828","00403834","004038bc","004038c8","0040394c","00403958","004039e0","004039ec","00403a74","00403a80","00403b08","00403b14","00403b9c","00403ba8","00403c34","00403c40","00403ccc","00403cd8","00404220","00404ac0","00404388","00404ac0","00404a18","00404a44","00404dc0","00404dd4","00404de8","00404dfc","00404dfc","00404e10","00404e10","00404e24","00404e24","00404e38","00404e38","00404e4c","00404e4c","00404e54","00404f40","00404f4c","00405380","00405394","00405498","004054ac","004054ac","004054b4","00405564","00407500","00405564","004076c8","004055c4","00407500","004055c4","004076c8","004057d8","00407500","004057d8","004076c8","00405900","00407ccc","00406800","00407ccc","00406a8c","00407ccc","004076e0","004076f4","004076f4","00407708","00407708","00407738","00407724","00407738","00407900","00407ccc","0040796c","00407ccc","00407a18","00407ccc","00407b38","00407b4c","004085fc","00408614","0040866c","00408680","00409bbc","00409bc8","00409bfc","00409c08","0040a0b0","0040a0bc","0040a0f0","0040a0fc"];Unchecked Return Value;
mdb;/logs/firmware/unblob_extracted/firmware_extract/1446946-7513122.squashfs_v4_le_extract/usr/sbin/mdb;296;CWE416;3;["00406524","00406770","00406964"];Use After Free;
mdb;/logs/firmware/unblob_extracted/firmware_extract/1446946-7513122.squashfs_v4_le_extract/usr/sbin/mdb;296;CWE467;2;["0040357c","004099d8"];Use of sizeof on a Pointer Type;
mdb;/logs/firmware/unblob_extracted/firmware_extract/1446946-7513122.squashfs_v4_le_extract/usr/sbin/mdb;296;CWE476;26;["00408bac","00408ee8","00408efc","00408ff4","00409000","0040900c","00409480","00403474","004034a4","00404ba4","00404bac","004059f4","00405a08","00405b0c","00405b20","00405c24","00405c38","00405d3c","00405d50","00405e54","00405e68","00405f6c","00405f80","00406084","00406098","0040619c","004061b0","004062b4","004062c8","004063cc","004063e0","00408528","00408538","00409e94","00409eb8","0040a320","0040a350","0040a410","0040a440","0040a530","0040a560","0040a620","0040a650","0040a734","0040a764"];NULL Pointer Dereference;
mdb;/logs/firmware/unblob_extracted/firmware_extract/1446946-7513122.squashfs_v4_le_extract/usr/sbin/mdb;296;CWE676;209;["0040199c","004019bc","00401a1c","00401a94","00401ab4","00401b50","00401b70","00401c0c","00401c2c","00401cc8","00401ce8","00401dc8","00401e70","00401f3c","00401f5c","00401fb4","00402018","00402034","004020cc","004020e8","00402180","0040219c","00402234","00402250","004022e8","00402304","0040239c","004023b8","00402450","0040246c","00402504","00402520","004025b8","004025d4","0040266c","00402688","004027c4","004027e4","00402804","00402824","00402844","00402864","00402884","004028a4","004028c4","004028e4","00402b3c","00402b5c","00402b7c","00402b9c","00402bbc","00402bdc","00402bfc","00402c1c","00402c3c","00402c5c","00402ca4","00402ce4","00402d20","00402d5c","00402d98","00402e88","00402ea8","00402ec8","00402ee8","00403040","00403060","00403080","004030c0","004030e0","00403100","004031ec","00403418","00403438","00403488","00403564","0040357c","00403598","004035b4","004035d0","004035ec","00403608","00403624","004036a0","00403e74","00403eb8","00403ed0","00403ef0","00404004","004040c0","00404104","0040411c","0040413c","0040427c","004043e4","00404530","00404550","00404570","00404590","004045b0","004045d0","004045f0","00404610","0040462c","0040464c","0040466c","00404688","004046a4","004046c0","004046e0","004046fc","00404798","004047b4","004047d0","004047f4","00404a04","00404c6c","00404c8c","00404cac","00404ccc","00404d80","00404db0","00404fc4","00404fe4","004051a8","004051f8","00405248","00405298","004052e8","00405618","00405638","00405658","004056dc","0040575c","004057a0","00405888","00405978","00405990","00405a90","00405aa8","00405ba8","00405bc0","00405cc0","00405cd8","00405dd8","00405df0","00405ef0","00405f08","00406008","00406020","00406120","00406138","00406238","00406250","00406350","00406368","00406954","00406ad0","00406c18","00406d14","00406e28","00406f2c","00407420","00407578","004075b8","00407768","00407834","004080bc","0040835c","00408404","0040879c","00408840","00408894","004088a8","00408e80","00408ed4","00408f5c","00408f84","00408f98","0040910c","00409170","00409360","00409400","004094a0","004094e0","0040966c","00409840","00409870","00409880","00409ac4","00409afc","00409b50","00409b88","00409bbc","00409bfc","00409c78","00409ec8","00409fb8","00409ff0","0040a044","0040a07c","0040a0b0","0040a0f0","0040a16c","0040a334","0040a424","0040a544","0040a634","0040a748"];Use of Potentially Dangerous Function;
mdb;/logs/firmware/unblob_extracted/firmware_extract/1446946-7513122.squashfs_v4_le_extract/usr/sbin/mdb;296;CWE787;1;["004093d0"];Out-of-bounds Write;
mdb;/logs/firmware/unblob_extracted/firmware_extract/1446946-7513122.squashfs_v4_le_extract/usr/sbin/mdb;296;CWE789;3;["00401920","00409a34","00409de8"];Large memory allocation;
mDNSClientPosix;/logs/firmware/unblob_extracted/firmware_extract/1446946-7513122.squashfs_v4_le_extract/usr/sbin/mDNSClientPosix;975;CWE119;1;["00407b84"];Buffer Overflow;
mDNSClientPosix;/logs/firmware/unblob_extracted/firmware_extract/1446946-7513122.squashfs_v4_le_extract/usr/sbin/mDNSClientPosix;975;CWE125;1;["00419f40"];Out-of-bounds Read;
mDNSClientPosix;/logs/firmware/unblob_extracted/firmware_extract/1446946-7513122.squashfs_v4_le_extract/usr/sbin/mDNSClientPosix;975;CWE134;1;["0044c204"];Externally Controlled Format String;
mDNSClientPosix;/logs/firmware/unblob_extracted/firmware_extract/1446946-7513122.squashfs_v4_le_extract/usr/sbin/mDNSClientPosix;975;CWE252;3;["0044b984","0044bbf4","0044b984","0044bc58","0044b984","0044bd8c"];Unchecked Return Value;
mDNSClientPosix;/logs/firmware/unblob_extracted/firmware_extract/1446946-7513122.squashfs_v4_le_extract/usr/sbin/mDNSClientPosix;975;CWE415;4;["00407074","00407090","004070ac","004070c8"];Double Free;
mDNSClientPosix;/logs/firmware/unblob_extracted/firmware_extract/1446946-7513122.squashfs_v4_le_extract/usr/sbin/mDNSClientPosix;975;CWE476;803;["0040431c","004043e0","0040534c","004053bc","004053c0","00405428","00405480","004054d8","00405534","00405570","004055cc","00405628","00405684","004056d4","00405720","00405754","004057b0","00405838","00405890","004058f4","00405950","004059ac","004059fc","00405af0","00405b0c","00405b40","00405b94","00405b98","00405e30","00405e54","00406f28","00406f30","00406f34","00406f3c","00406f8c","00406f9c","00406fa0","00406fa4","00406fb0","00407440","00407860","0040c5ac","0040c5b8","0040c5c4","0040d60c","0040d620","0040d638","0040dab4","0040dbbc","0040fea8","00410484","00410490","0041049c","004104a8","004104dc","004104e4","00410510","00410514","00410520","0041052c","00410534","00410538","00410540","00410544","00410558","0041057c","00410584","00410588","004105a8","004105e0","004105e8","004105ec","004105f0","004105f4","00410614","0041061c","00410624","0041062c","00410634","00410638","00410650","0041065c","00410660","00410668","0041066c","00410674","00410678","0041067c","00410680","00410684","00410688","00410690","00410694","00410698","0041069c","004106a0","004106b8","004106e0","004106e4","004106e8","004106ec","004106f0","004106f4","004106f8","004106fc","00411c80","00411d68","00412544","004128a8","00413138","004134d0","00413704","00413860","0041386c","004138a0","00413c2c","00413c38","00413c6c","00413ce8","00413d3c","00413d48","00413d54","00413d60","00413d7c","00413d88","00413da8","00413dbc","00413dcc","00413ddc","00413de8","00413df4","00413e00","00413e18","00413e5c","00413ec8","00413ecc","00413ee8","00414104","00414114","00414128","00414140","004141a4","004141c8","004141cc","004141e0","004141f0","00414214","00414224","00414228","00414254","0041425c","00414264","0041426c","0041427c","00414298","004142b8","004142c0","004142d8","00414310","00414350","00414358","00414388","00414394","004143b4","004143d0","004143dc","004143f0","00414404","00414410","00415608","004156d4","004156e4","004156f4","0041570c","00415720","00415730","00415748","0041574c","00415758","0041575c","00415764","0041576c","00415780","00415784","00415790","00415794","004157a8","00415b6c","00415c98","00415d54","004167cc","004167d8","004167e8","004167f8","0041681c","0041682c","0041695c","00416970","00416980","0041698c","00416994","004169e4","004169ec","004169f0","00416a38","00416a50","00416a5c","00416a74","00416a88","00416ab0","00416adc","00416b00","00416b10","00416b2c","00416b34","00416b58","00416b74","00416b84","00416b90","00416b98","00416bb4","00416bc8","00416bd0","00416bd8","00416be0","00416bf4","00416bf8","00416c08","00416c0c","00416c10","00416c1c","00416c44","00416c50","00416c74","00416c8c","00416c94","00416cb8","00416ce4","00416cf8","00416d08","00416d10","00416d14","00416d18","00416d2c","00416d7c","00416da8","00416dbc","00416de0","00416e08","00416e34","00416e48","00416e58","00416e64","00416e68","00416e6c","00416e7c","00416e94","00416eb0","00416ec0","00416ec4","00416edc","00416efc","00416f18","00416f20","00416f28","00416f50","00416f68","00416f70","00416f90","00416fa4","00416fac","00417024","00417030","0041703c","00417040","00417044","0041704c","00417050","00417054","00417058","0041705c","00417060","00417068","00417078","004170a8","004170c8","0041710c","00417390","004177b4","004179b0","00417a4c","00417a9c","00417ac0","00417b48","00417bcc","00417bf8","00417c60","00417c88","00417c9c","00417de8","00417df4","00417f1c","00418170","004181c0","0041844c","004186f4","0041890c","0041aa04","0041e234","0041e23c","0041e248","0041e270","0041e27c","0041e284","0041e290","0041e29c","0041e2a8","0041e2c4","0041e2d0","0041e2f4","0041e304","004217d0","00421a80","004236a0","004236b0","00423704","0042370c","0042371c","00423720","00423734","00423738","0042373c","00423744","00423794","00423798","0042379c","00423970","0042397c","004245f0","00424a34","00424b30","004255c0","00425670","00426ee0","00426efc","00426f18","00427b40","00427de8","00427df4","00428588","0042858c","0042b9e8","0042c9b4","0042ca00","0042cd48","0042cd78","0042ce30","0042cecc","0042d484","0042ddcc","0042ddf0","0042ddf4","0042de1c","0042de20","0042de28","0042de2c","0042de30","0042de34","0042de38","0042de40","0042de44","0042de58","0042de70","0042dea0","0042deac","0042deb0","0042deb4","0042dec4","0042dee8","0042deec","0042def0","0042def4","0042eb5c","0042eb88","0042eb98","0042eba0","0042eba8","0042ebf4","0042ec00","0042ec1c","0042ec28","0042ec2c","0042ec30","0042ec34","0042ec44","0042ed2c","0042ed3c","0042ed44","0042ed4c","0042ed90","0042ed9c","0042edb0","0042edb8","0042edcc","0042edd0","0042edd8","0042eddc","0042ede0","0042edf0","004308d4","004308dc","004315ec","00431638","00431704","0043264c","00432670","00432c54","00432e30","00432f18","00432f48","0043302c","004331b8","004331dc","004333d4","0043343c","00433444","0043344c","00433718","00435310","0043625c","0043627c","004364cc","004364d4","004364e0","004364f0","00436518","00436544","0043654c","00436560","004366c0","004366c4","0043700c","004372b8","004372c0","004372cc","004372dc","0043730c","00437314","00437328","0043749c","004374bc","004374cc","00437508","00437528","00437560","00437574","0043759c","00437628","00437644","00437658","00437674","004376a4","004376c8","004376e0","004376e8","004376f4","004376fc","00437720","00437724","00437728","00437764","00437768","0043777c","004378ac","004385a0","004385ac","004385b8","004385c4","004385f4","00438600","0043861c","0043865c","00438668","00438674","0043869c","004386a0","004386a4","004386b0","004386bc","004386cc","00438720","00438734","0043873c","00438750","00438758","0043875c","00438768","00438774","004387a8","004387b4","004387d0","004387f0","00438808","00438814","00438830","0043885c","00438890","00439898","004398a4","00439cc4","0043a040","0043a044","0043a088","0043a0b0","0043a0c0","0043a0c8","0043a0d0","0043a0e0","0043a1d0","0043a1dc","0043a1f4","0043a210","0043a22c","0043a248","0043a298","0043cb7c","0043cb94","0043cbb0","0043cbcc","0043cbe0","0043cbf8","0043cc1c","0043cc24","0043cc2c","0043cc94","0043cca0","0043ccc4","0043cd0c","0043ce70","0043ce74","0043ce88","0043ce94","0043d6ec","0043d6f8","0043d714","0043d71c","0043d7a0","0043d7b0","0043d7dc","0043d7e0","0043d7e4","0043d800","0043d834","0043d848","0043d858","0043d868","0043d878","0043d888","0043d8b0","0043d8bc","0043d8c8","0043d8d4","0043d8e0","0043d8f8","0043d8fc","0043d900","0043d9a8","0043d9b4","0043d9d4","0043d9f8","0043da04","0043da14","0043da54","0043da58","0043daa8","0043dac4","0043dacc","0043dad8","0043daec","0043dafc","0043db18","0043db2c","0043db30","0043db34","0043db38","0043dc04","0043dc18","0043dc30","0043dc34","0043de30","0043de4c","0043dec4","0043dee8","0043def4","0043df18","0043df8c","0043dfb4","0043dfbc","0043dfc0","0043dfc4","0043e028","0043e234","0043e24c","0043e268","0043e284","0043e2d8","0043e2e8","0043e360","0043e444","0043e45c","0043e478","0043e494","0043e4a4","0043e4b4","0043e4c4","0043e4d4","0043e4e4","0043e51c","0043e544","0043e558","0043e5b4","0043e64c","0043e658","0043e674","0043e6ac","0043e6bc","0043e704","0043e71c","0043e744","0043e8c4","0043e8d4","0043e8e0","0043e900","0043e920","00440638","00440680","00440740","004407c4","004407cc","004407d8","004407f8","00440800","0044080c","00440848","0044084c","00440858","00440864","0044087c","00440888","00440894","004408a4","004408b4","004408f0","004408f4","004408f8","004409f8","00440a04","00440a14","00440a18","0044129c","00441328","00441348","00441508","00441c88","00441c94","00441ca0","00441cbc","00441cc0","00441ccc","00441cec","00442034","00442078","004420d8","00442114","0044214c","0044215c","00442248","00442254","00442260","0044226c","00442278","00442280","00442288","0044229c","004422a0","004422a8","004423a0","004423b0","004423b8","004423cc","004423d4","004423e8","004423f0","00442434","00442468","00442474","00442488","00442494","004424b4","00442504","00442510","00442520","00442540","0044254c","004425a8","004425b4","004426cc","004426dc","0044271c","0044277c","00442820","004428f0","004428f8","00442924","00442970","00442984","0044298c","004429d0","004429dc","004429e8","004429ec","00442d3c","00442d8c","00442d98","00442da8","00442dd4","00442e2c","00442e54","00443824","00443828","0044383c","00443848","00443c34","00443c7c","00443c94","00443cac","00443cc0","00443cd0","00443ce4","00443cf4","00443d04","00443d18","00443d40","00443d50","00443d60","00443d70","00443d7c","00443d9c","00443dc0","00443dcc","00443dd0","00443dd8","00443de4","00443e84","00443e8c","00443ec8","00443ed4","00443ef8","00443f00","00443f3c","00443f5c","00443f9c","004442b0","004442d8","00444300","004448f8","00445138","00445644","004465d8","0044685c","00446a44","004479a0","004479b8","004479d0","004479e8","00447e18","00447e2c","00449558","0044955c","0044a590","0044a594","0044a5a8","0044a5c0","0044b13c","0044b140","0044b154","0044b1c4","0044b218","0044b22c","0044b23c","0044b260","0044b2b4","0044b2c0","0044b2d0","0044b2f0","0044b300","0044b314","0044b31c","0044b324","0044b32c","0044b390","0044b3b8","0044b3d4"];NULL Pointer Dereference;
mDNSClientPosix;/logs/firmware/unblob_extracted/firmware_extract/1446946-7513122.squashfs_v4_le_extract/usr/sbin/mDNSClientPosix;975;CWE676;134;["00403f64","00404ba0","00404cd4","00404f34","00404f34","00405824","00405a70","00405f94","004062c8","00406504","00406bc0","00406eb0","00406f90","00407194","004071b0","00407350","004073c4","004073dc","00407444","004074b4","004074d4","004078a4","004078bc","00407950","004079b0","00407a58","00407ab8","00407b18","00407b84","0040e4c8","004105fc","00410bf4","00411cb4","00411ce4","00411d14","00411d44","00411d94","00411dd8","00411df4","0041230c","00412760","004129a0","00412e28","004140c8","004145bc","00417358","00419a40","00419ac8","00419e8c","00423c2c","00424828","004248a8","004248c8","004249a4","00424ca4","00424dbc","00425ba8","004262ec","00426304","0042688c","004299f4","00429b7c","00429c10","00429ec0","0042b0e0","0042b0f8","0042b4c4","0042b4dc","0042b8f8","0042ea10","00431290","00431330","00433168","00433868","00433be0","00433cb4","00433d90","00433e14","00433ea8","00434020","00434bf0","00434c28","00434fcc","00435084","00435360","00436ccc","00436ce4","00436cfc","00436ea8","004370c4","004370dc","004370f4","00437e18","00438284","00439238","004392b0","0043a4fc","0043a514","0043a87c","0043a894","0043c178","0043c194","0043ccb0","0043d8a4","0043db70","0043dbd0","0043e128","0043e804","0043ec80","0043efd0","00440310","004403b0","004408f8","004419c4","004468bc","004468bc","0044770c","00447a80","00448e38","0044a35c","0044a5dc","0044aa64","0044b3a8","0044b8fc","0044be58","0044be70","0044bf48","0044c03c","0044c0c4","0044c0ec","0044c158","0044c168","0044c204","0044c214"];Use of Potentially Dangerous Function;
mDNSClientPosix;/logs/firmware/unblob_extracted/firmware_extract/1446946-7513122.squashfs_v4_le_extract/usr/sbin/mDNSClientPosix;975;CWE782;6;["004074ec","00407790","004078d4","004079c8","00407a78","00407ad8"];Exposed IOCTL with Insufficient Access Control;
mDNSClientPosix;/logs/firmware/unblob_extracted/firmware_extract/1446946-7513122.squashfs_v4_le_extract/usr/sbin/mDNSClientPosix;975;CWE787;18;["00403fc4","00403fe8","004052e4","00406260","004064a0","0040723c","0040770c","00407cf0","0040e9b8","0040fbdc","0041a0e0","0041a108","0041b314","0041bb84","00429490","0042d8dc","004344f0","00434fc0"];Out-of-bounds Write;
mDNSClientPosix;/logs/firmware/unblob_extracted/firmware_extract/1446946-7513122.squashfs_v4_le_extract/usr/sbin/mDNSClientPosix;975;CWE789;4;["0040451c","00423a3c","00425620","0044be14"];Large memory allocation;
